emp_no;posisi_id
18-0019;1
99-0517;2
#N/A;3
83-0195;4
18-0020;5
#N/A;6
20-1500;7
17-0808;8
20-1776;9
94-0493;10
89-0278;11
91-0328;12
04-0362;13
00-0696;14
02-0122;15
03-0170;16
05-0369;17
05-0266;18
88-0481;19
02-0025;20
88-0483;21
90-0667;22
#N/A;23
03-0101;24
10-0242;25
99-0362;26
97-0420;27
02-0031;28
88-0213;28
04-0373;29
89-0546;30
03-0554;31
00-0627;32
05-0269;33
#N/A;34
98-0122;35
91-0718;36
91-0721;37
95-0345;38
99-0038;39
99-0258;40
95-0788;41
89-0172;42
91-0603;43
99-0359;44
90-0128;45
89-0325;46
99-0255;47
#N/A;48
89-0329;49
88-0506;50
95-0279;51
02-0153;52
95-0352;53
92-0128;54
98-0163;55
87-0281;56
03-0219;57
05-0185;58
89-0398;59
03-0372;60
05-0376;61
#N/A;62
00-0520;63
04-0182;64
88-0111;65
91-0525;66
02-0133;67
91-0099;68
#N/A;69
#N/A;70
#N/A;71
89-0794;72
99-0073;73
88-0499;74
08-0108;75
99-0130;76
99-0280;77
95-0790;78
99-0040;79
#N/A;80
03-0118;81
99-0136;82
#N/A;83
93-0153;84
04-0135;85
94-0354;86
#N/A;87
04-0395;88
#N/A;89
90-0423;90
04-0134;91
#N/A;92
94-0403;93
#N/A;94
#N/A;95
#N/A;96
#N/A;97
#N/A;98
91-0497;99
07-0013;100
03-0305;101
94-0691;102
15-0628;103
20-0117;104
05-0384;105
20-1020;106
05-0456;107
05-0276;108
#N/A;109
05-0457;110
14-0895;111
16-1966;112
03-0216;113
94-0463;114
95-0183;115
03-0004;116
20-1023;117
89-0505;118
94-0613;119
20-0119;120
89-0384;121
02-0134;122
14-0104;123
15-0631;124
90-0147;125
02-0114;126
12-0795;127
81-0189;127
12-0421;127
14-0083;127
93-0923;127
94-0646;128
14-0218;128
03-0102;128
12-0220;128
14-0082;128
12-0221;128
05-0451;128
89-0800;128
00-0555;129
02-0140;129
17-0488;129
91-0377;129
16-0747;129
14-0080;129
90-0153;129
90-0639;129
08-0747;129
17-0487;129
12-0420;129
03-0110;129
04-0386;129
99-0361;130
90-0085;130
05-0203;130
93-0919;130
17-0491;131
12-0984;131
99-0277;131
05-0368;131
15-0265;131
00-0502;131
05-0378;131
05-0352;131
14-0220;131
05-0360;131
10-0233;131
12-0422;132
94-0393;132
00-0709;132
90-0083;132
91-0828;133
03-0378;133
12-0325;133
03-0103;133
03-0074;133
10-0418;134
03-0109;134
10-0409;134
05-0371;134
13-0023;134
88-0035;134
16-0745;134
13-0026;134
04-0385;134
12-0324;134
16-1071;134
05-0459;134
00-0556;134
12-0986;135
94-0395;135
04-0360;135
99-0066;136
20-0800;136
12-1003;136
05-0372;136
10-0419;136
08-0158;136
04-0358;136
94-0004;137
04-0546;137
88-0473;137
12-0441;138
12-0326;138
03-0547;138
94-0349;138
03-0379;138
91-0665;139
03-0106;139
15-0236;139
16-0748;139
17-0486;139
08-0758;139
16-0232;139
91-0067;139
08-0751;139
93-0892;139
16-1078;139
12-0982;140
03-0534;140
08-0786;140
03-0010;140
04-0361;141
16-0750;141
12-1007;141
05-0357;141
14-0217;141
14-0219;141
16-0416;141
05-0261;141
08-0787;141
00-0705;142
04-0542;142
08-0792;142
16-1074;142
16-0235;142
05-0449;142
00-0631;142
05-0255;142
08-0170;142
15-0235;142
12-1008;142
87-0240;143
10-0417;143
90-0548;143
93-0139;143
13-0024;143
88-0365;143
05-0452;143
03-0122;143
13-0436;143
94-0518;143
93-0607;143
03-0552;144
90-0130;144
20-0672;145
08-0767;145
87-0142;145
13-0427;145
17-0116;145
00-0042;145
93-0577;145
14-0086;145
13-0128;145
16-0185;145
16-1073;145
12-0981;145
07-0002;146
04-0381;146
17-0119;146
16-0412;146
14-0221;146
13-0126;146
00-0501;146
05-0466;146
91-0771;147
02-0095;147
90-0299;147
12-1011;147
05-0127;147
03-0130;147
16-0173;147
89-0282;147
13-0432;148
95-0784;148
16-1068;148
16-0176;148
14-0222;148
02-0144;148
12-1081;149
13-0650;149
03-0481;149
12-0979;149
03-0371;149
03-0177;149
16-0419;149
14-1016;149
00-0055;149
08-0173;149
03-0316;149
02-0143;150
07-0200;150
89-0806;150
00-0510;150
03-0482;150
05-0176;150
94-0401;150
03-0073;150
13-0437;150
17-0108;150
12-0980;151
05-0362;151
13-0424;151
14-1031;151
98-0164;151
04-0181;151
08-0187;151
99-0281;151
16-0754;151
16-1069;151
14-0088;152
12-0788;152
16-0420;152
15-0258;152
16-0180;152
16-0523;152
02-0241;152
14-0089;152
18-0169;152
08-0195;152
12-0991;152
00-0513;152
12-0985;153
03-0176;153
02-0137;153
93-0656;153
97-0421;153
14-0223;153
93-0303;153
18-0175;154
10-0236;154
04-0357;154
16-0738;154
97-0429;155
12-0443;155
12-0222;155
12-0223;155
88-0247;155
12-0444;156
05-0454;156
95-0171;156
08-0760;156
89-0359;156
14-0081;156
16-0743;156
08-0761;156
16-0746;156
17-0484;156
12-0794;157
95-0181;157
94-0003;157
17-0201;157
08-0151;158
04-0179;158
14-1019;158
12-0978;158
13-0130;158
13-0645;158
94-0187;158
13-0643;158
14-0096;158
20-1906;158
12-0977;158
13-0439;158
03-0319;159
93-0144;159
17-0202;159
99-0253;159
12-1006;159
96-0663;159
20-0671;159
12-0493;159
02-0151;160
99-0039;160
03-0312;160
88-0422;160
03-0320;160
00-0509;160
08-0169;160
15-0266;161
03-0375;161
02-0142;161
14-0093;161
12-0961;161
00-0745;161
16-0797;161
02-0032;161
05-0167;161
04-0184;161
14-0092;161
16-0167;161
05-0181;161
00-0049;161
05-0168;161
00-0505;161
99-0036;161
12-0227;161
15-0267;162
14-0084;162
04-0173;162
13-0672;162
13-0447;162
12-0216;163
16-1066;163
04-0177;163
08-0196;163
05-0351;163
13-0426;163
16-0417;163
07-0116;163
04-0366;163
05-0433;163
04-0308;163
03-0315;163
08-0179;163
20-1903;163
04-0174;163
89-0288;163
12-0224;163
05-0205;164
13-0448;164
16-0183;164
05-0354;164
12-0962;164
04-0183;164
16-0182;164
11-0513;165
07-0111;165
05-0155;165
04-0175;165
12-0983;165
04-0234;165
20-1904;165
05-0178;165
05-0200;165
05-0202;165
03-0072;165
08-0194;165
13-0125;165
16-0422;165
05-0194;165
13-0031;165
16-0219;166
16-0218;166
07-0004;166
16-0184;166
11-0515;166
00-0713;166
04-0312;166
16-0168;166
13-0124;167
89-0567;167
20-1925;167
12-0987;167
05-0367;167
14-0463;167
17-0111;167
16-1070;167
05-0209;167
14-0461;167
12-0965;167
11-0532;167
00-0514;167
12-0964;167
08-0188;167
16-0163;167
05-0153;167
03-0015;167
98-0148;167
05-0373;167
05-0151;167
12-0967;167
16-0779;169
14-0100;169
14-0434;169
12-0990;169
14-1022;169
10-0627;169
14-1013;169
18-0173;169
16-0752;170
15-0259;170
16-0424;170
94-0649;170
08-0477;171
14-0228;171
93-0029;171
11-0183;171
02-0064;171
00-0048;172
07-0008;172
03-0019;172
93-0827;172
14-0435;173
91-0125;173
02-0113;173
87-0206;173
12-0327;173
87-0098;173
93-0775;173
12-0797;173
02-0135;174
04-0396;174
16-0427;174
05-0139;174
15-0231;174
12-0339;174
16-0772;174
99-0259;175
08-0106;175
16-0778;175
88-0038;175
02-0154;175
14-1020;175
14-1014;175
98-0085;175
03-0494;176
14-1021;176
14-1027;176
07-0197;176
03-0382;177
88-0335;177
12-1005;177
14-0098;177
10-0621;178
02-0065;178
89-0590;178
87-0077;178
08-0203;178
96-0099;178
02-0152;178
20-1908;179
14-1025;179
14-0230;179
16-0425;179
08-0157;179
16-0233;179
16-0773;179
18-0170;179
02-0068;179
18-0171;179
95-0519;181
16-0759;181
16-0231;181
02-0115;181
12-0992;181
99-0072;182
03-0018;182
91-0701;183
16-0756;183
89-0779;183
95-0285;183
13-0438;183
89-0289;183
00-0515;183
99-0131;183
99-0076;185
94-0566;185
90-0371;185
16-0429;185
16-0760;185
94-0614;185
16-0774;185
14-1026;185
15-0232;187
89-0554;188
95-0785;188
91-0522;188
16-0236;188
88-0355;188
12-0350;188
03-0221;189
04-0133;189
08-0103;189
16-0242;189
03-0307;189
05-0134;189
16-0241;189
05-0119;189
16-0170;189
95-0347;189
12-0798;189
08-0104;189
98-0074;190
05-0116;190
05-0141;190
05-0192;190
17-0112;190
16-0453;190
90-0759;190
04-0418;190
04-0387;190
98-0145;190
20-0229;190
05-0468;190
11-0274;190
07-0115;190
12-0511;190
16-0171;190
08-0764;190
05-0206;190
05-0114;191
07-0015;191
12-0604;191
15-0234;191
03-0220;191
16-0777;191
16-0433;191
08-0478;191
05-0137;191
14-0300;191
14-0229;191
05-0132;191
14-1035;191
04-0230;193
89-0509;193
16-0755;193
16-0780;193
05-0438;193
14-1030;193
20-0957;193
08-0823;193
90-0641;193
05-0163;193
03-0321;193
88-0485;193
09-0025;193
14-0433;193
16-0776;193
16-0761;193
14-0103;193
16-0169;193
12-0231;193
03-0493;195
16-0431;195
04-0218;195
05-0447;195
08-0116;195
18-0168;195
15-0257;195
05-0130;195
12-0989;195
08-0115;195
05-0125;195
05-0108;195
12-0229;195
93-0916;195
05-0120;195
14-1034;195
16-0238;195
16-0172;195
05-0145;195
89-0295;195
20-0959;195
02-0112;196
13-0127;196
15-0427;196
16-0753;196
08-0819;196
05-0446;196
88-0328;196
12-0796;196
07-0110;196
91-0384;196
95-0520;196
02-0076;197
02-0033;197
88-0297;197
08-0501;197
95-0283;197
02-0102;198
07-0001;198
16-0413;198
16-1075;198
98-0149;198
88-0211;198
91-0341;200
03-0310;200
89-0617;200
05-0161;201
15-0230;201
14-0106;201
14-0227;201
20-0225;201
02-0110;201
#N/A;202
07-0195;201
20-1631;203
20-1577;203
03-0561;204
03-0168;205
88-0503;206
10-0309;207
03-0180;208
00-0105;209
08-0788;210
05-0365;211
03-0064;212
05-0474;213
16-0524;214
04-0307;215
13-0652;216
16-0188;216
00-0519;217
04-0365;217
07-0005;217
16-0426;218
16-0165;218
94-0404;218
03-0016;218
14-1024;218
04-0389;219
02-0069;219
16-0430;219
93-0149;219
16-0775;219
08-0114;219
16-0758;219
15-0268;219
16-0239;220
03-0485;220
99-0075;220
04-0219;220
08-0890;221
16-0234;221
10-0064;221
08-0107;221
12-0219;221
16-0175;221
00-0104;221
03-0304;221
02-0098;221
05-0169;221
17-0260;221
90-0768;221
88-0266;221
90-0800;221
98-0069;221
94-0040;222
16-0751;222
05-0112;222
05-0436;222
08-0805;222
93-0030;222
93-0245;222
18-0174;222
04-0229;222
10-0410;222
16-0237;222
94-0684;222
04-0222;222
#N/A;223
14-0843;224
89-0807;225
12-1181;226
16-0744;227
02-0028;227
16-1387;227
10-0620;227
07-0112;227
16-1386;227
#N/A;228
12-1068;229
15-0476;229
15-1002;229
20-1905;229
16-0533;229
03-0550;229
08-0757;229
07-0117;229
17-0114;229
15-0321;229
15-0483;229
13-0451;229
15-1003;229
13-0956;229
90-0669;230
05-0464;231
20-0577;232
93-0579;232
04-0547;232
12-1073;232
99-0067;232
20-0576;232
15-0327;232
13-0949;233
15-0477;234
15-1004;234
15-0852;234
15-1005;234
05-0173;234
08-0756;234
10-0651;234
15-0484;234
20-1892;234
16-1088;234
20-0578;234
13-0957;234
12-1176;234
14-1037;234
93-0380;235
98-0089;236
17-0198;237
15-0995;237
20-0202;237
03-0063;237
15-0481;237
12-1179;237
12-0500;237
08-0785;238
15-0994;239
15-1016;239
13-0882;239
20-1893;239
20-0201;239
93-0742;239
12-0040;239
18-0205;239
12-1069;239
10-0653;239
15-0485;239
13-0950;239
20-0579;239
15-0333;239
00-0628;240
10-0655;241
12-0041;242
15-0482;242
13-0955;242
88-0342;242
03-0013;242
12-1180;243
20-1895;244
15-0486;244
15-0997;244
18-0206;244
10-0108;244
10-0654;244
93-0657;244
15-0331;244
95-0182;244
12-1072;244
11-0602;244
20-0581;244
20-0580;244
15-0322;244
93-0655;245
08-0755;246
13-0146;247
16-0807;247
17-0429;247
10-0916;247
05-0461;247
16-0530;247
92-0197;247
12-1168;247
17-0430;247
16-0810;247
16-0531;247
00-0558;247
16-0824;247
10-0421;247
08-0762;247
03-0108;247
90-0391;247
15-0328;247
92-0198;248
13-0037;249
13-0040;249
13-0042;249
12-0331;249
13-0038;249
94-0352;250
99-0068;251
91-0824;252
99-0265;252
12-0600;252
08-0754;252
94-0561;252
20-0484;252
04-0390;252
95-0594;252
05-0356;252
16-0528;252
02-0239;252
13-0143;252
16-0814;252
91-0820;252
10-0924;252
17-0432;252
05-0272;252
08-0687;252
16-0811;252
03-0533;253
12-1172;254
12-1171;254
12-1174;254
14-0304;254
12-1175;254
91-0833;255
08-0759;256
00-0062;257
91-0813;257
10-0922;257
93-0917;257
13-0036;257
16-0534;257
98-0146;257
16-0822;257
98-0141;257
04-0432;257
17-0434;257
10-0244;257
20-0485;257
12-1170;257
13-0145;257
08-0705;257
17-0433;257
16-0816;257
92-0201;257
96-0664;258
13-0044;259
13-0043;259
12-0329;259
13-0041;259
12-0295;259
90-0485;260
08-0763;261
16-0415;262
04-0359;262
07-0109;262
13-0141;262
14-0302;262
16-0532;262
16-0823;262
13-0953;262
08-0191;262
99-0503;262
10-0925;262
10-0657;262
16-0527;262
08-0688;262
93-0157;262
17-0437;262
10-0519;262
20-0486;262
97-0414;262
89-0795;263
13-0881;264
13-0039;264
12-0388;264
14-0468;264
13-0027;264
14-0863;265
#N/A;266
14-1110;267
03-0377;268
17-0767;269
89-0415;269
93-0004;270
96-0096;271
13-0909;271
12-0804;271
20-0509;271
08-0776;271
98-0142;271
13-0032;271
15-0166;271
13-0911;271
13-0664;271
07-0094;271
08-0327;272
14-1167;273
10-0306;273
10-0304;273
87-0131;273
88-0476;273
17-0796;273
03-0374;273
08-0149;273
17-0795;273
17-0454;273
15-0773;273
08-0286;274
08-0322;275
13-0910;275
03-0380;275
12-0803;275
15-0167;275
15-0855;275
15-0856;275
15-0168;275
10-0232;275
05-0242;275
89-0351;276
13-0887;276
09-0035;276
12-0190;276
20-0501;276
10-0904;277
00-0634;278
89-0346;279
89-0296;280
12-0299;281
89-0396;281
20-0606;281
10-0246;281
05-0201;281
08-0862;281
17-0766;282
08-0282;283
10-0125;283
93-0155;283
20-0093;284
90-0419;285
04-0225;286
17-0409;287
05-0258;287
20-0224;287
99-0129;287
20-0223;287
13-0050;287
05-0207;288
93-0028;289
11-0279;289
08-0112;289
02-0023;290
12-0807;291
17-0442;291
12-0343;291
15-0169;291
15-0837;291
00-0738;291
15-0171;291
10-0237;291
05-0353;291
10-0508;291
13-0939;291
#N/A;292
15-0170;293
08-0782;293
15-0475;293
13-0944;293
05-0370;293
89-0340;293
13-0941;293
03-0546;293
08-0324;293
#N/A;294
03-0551;295
15-0176;296
13-0033;296
07-0125;296
18-0190;296
12-0805;296
10-0241;296
10-0239;296
05-0262;296
05-0366;296
15-0175;296
15-0474;296
04-0379;296
10-0238;297
06-0161;298
15-0173;298
20-0507;298
15-0174;298
08-0790;298
10-0240;298
00-0711;298
05-0374;298
88-0215;299
98-0135;300
15-0854;301
93-0926;301
13-0035;301
05-0432;301
08-0775;301
15-0371;301
08-0794;301
03-0562;301
04-0417;301
91-0243;301
12-0972;301
13-0952;301
08-0795;302
10-0243;303
13-0940;303
95-0017;303
15-0853;303
15-0178;303
04-0384;303
15-0177;303
08-0330;303
15-0179;303
17-0121;303
93-0003;304
05-0256;305
20-0497;306
16-1491;306
15-0478;306
17-0655;306
14-1183;306
12-1070;307
10-0811;308
15-0529;308
00-0106;308
89-0328;308
15-0839;308
87-0186;308
17-0657;308
20-0487;308
08-0665;308
89-0517;308
17-0656;308
08-0686;308
20-0489;308
07-0039;308
#N/A;309
15-0840;310
00-0193;311
15-0320;311
17-0426;311
14-1039;311
14-1170;311
89-0545;311
10-0814;312
20-0490;313
94-0117;313
17-0662;313
20-0492;313
15-0842;313
16-1489;313
94-0046;313
14-1188;313
90-0015;313
87-0127;313
17-0666;313
15-0841;313
14-0467;313
10-0973;313
00-0194;314
16-1094;315
17-0670;316
15-0845;316
10-0812;316
13-0946;316
14-1185;317
17-0443;318
17-0669;318
17-0671;318
96-0662;318
95-0597;318
11-0264;318
15-0847;318
17-0668;318
18-0204;318
20-0491;318
05-0188;318
17-0441;318
16-0798;318
20-0212;318
89-0417;318
03-0189;318
15-0846;318
89-0337;319
17-0439;320
03-0173;321
15-0848;321
12-0806;321
13-0945;321
03-0480;322
20-0498;323
90-0755;323
20-1910;323
20-0208;323
17-0676;323
88-0482;323
14-1162;323
00-0292;323
91-0719;323
20-0211;323
20-0494;323
20-1909;323
20-1907;323
20-0958;323
16-1089;323
17-0681;323
17-0683;323
17-0673;323
15-0849;323
90-0754;324
05-0363;325
15-0632;326
88-0496;326
08-0778;327
16-1959;328
10-0235;329
12-1066;329
08-0783;329
15-0859;329
08-0329;329
12-0970;329
95-1183;329
10-0816;330
04-0402;330
15-0480;330
88-0257;330
12-0293;330
20-0143;331
17-0789;332
17-0790;333
87-0280;334
16-1960;334
03-0067;335
87-0151;336
94-0185;337
03-0105;338
08-0748;339
89-0474;339
04-0398;339
90-0758;339
08-0750;339
05-0359;339
20-0499;340
12-0328;340
03-0065;340
12-0294;340
10-0829;341
99-0266;341
14-1040;341
15-0998;341
14-0303;341
15-0999;341
15-1000;341
13-0959;341
93-0172;342
93-0697;343
12-0602;344
12-0431;345
14-1042;345
16-0818;345
20-1894;345
14-1161;345
13-0883;345
08-0718;345
15-0488;345
15-0490;345
13-0453;345
20-0599;345
12-0173;345
15-0313;345
15-0489;345
16-0941;345
17-0456;345
20-0607;345
08-0637;346
12-0176;347
14-1041;347
17-0600;347
16-0255;347
17-0645;347
08-0719;347
16-0254;347
14-1064;347
14-1159;347
12-0975;347
17-0595;347
17-0452;347
12-0997;347
10-0917;347
15-0315;347
13-0908;347
16-0935;347
10-0060;347
08-0660;348
08-0714;349
10-0635;349
15-0781;349
15-0314;349
16-0441;349
12-0172;349
14-1160;349
10-0066;349
13-0963;349
14-1065;349
15-0487;349
08-0183;349
17-0428;349
13-0452;349
17-0596;349
13-0890;349
08-0636;349
15-0492;349
18-0199;349
08-0292;350
03-0114;351
13-0649;351
16-0449;351
08-0186;351
12-0175;351
16-0446;351
10-0833;351
16-0257;351
16-0259;351
15-0493;351
16-0937;351
16-0813;351
08-0513;351
16-0251;351
20-0674;351
#N/A;352
87-0208;353
10-0644;353
20-0044;353
94-0118;353
10-0831;353
08-0642;353
15-0319;353
17-0644;353
16-0942;353
15-0165;353
10-0832;353
12-0601;353
17-0659;353
17-0440;353
00-0727;353
14-0234;353
13-0888;353
16-0428;353
#N/A;354
17-0643;355
10-0053;355
13-0962;355
08-0717;355
12-0435;355
10-0058;355
16-0181;355
16-0445;355
10-0659;355
02-0148;356
08-0846;357
16-0938;358
15-0497;358
18-0198;358
12-0184;358
10-0305;358
15-0501;358
20-1924;358
12-0183;358
15-0787;358
15-0495;358
08-0647;358
20-0592;358
10-0638;358
17-0647;358
16-0448;358
14-1066;358
15-0316;358
08-0723;358
08-0181;359
20-0045;360
17-0664;360
12-1076;360
20-0598;360
12-0182;360
20-0593;360
11-0535;360
15-0775;360
16-0808;360
18-0201;360
14-1068;360
12-0613;360
13-0458;360
10-0062;360
15-0778;360
15-0318;360
10-0059;360
93-0137;361
13-0897;362
12-0181;362
10-0640;362
08-0643;362
12-1078;362
15-0776;362
13-0906;362
20-0595;362
10-0643;362
04-0221;362
17-0453;362
14-1070;362
17-0597;362
08-0502;362
04-0549;362
08-0650;362
10-0055;363
16-0261;364
15-0527;364
08-0847;364
12-0178;364
08-0845;364
08-0646;364
17-0648;364
09-0022;364
13-0880;364
10-0115;364
13-0889;364
13-0450;364
13-0905;364
16-0454;364
17-0646;364
13-0891;364
08-0671;365
02-0097;365
14-0102;366
20-0500;366
16-0452;366
07-0007;366
15-0782;366
16-0249;366
05-0189;366
11-0536;366
04-0227;366
10-0637;366
08-0720;366
20-0673;366
12-0607;366
13-0961;367
15-0496;368
15-0317;368
18-0202;368
16-0262;368
16-1098;368
08-0648;368
08-0193;368
13-0459;368
08-0511;369
12-0167;370
13-0144;371
15-0516;371
15-0785;371
08-0656;371
15-0503;371
15-0786;371
20-0591;371
07-0108;371
08-0855;371
15-0779;371
15-0504;371
20-0048;371
16-1097;371
16-0820;371
08-0852;371
14-1169;371
99-0041;371
20-1922;371
18-0200;371
20-0050;371
20-0640;371
08-0178;372
17-0449;373
16-1096;373
12-1077;373
14-1168;373
11-0538;373
17-0651;373
10-0648;373
14-1075;373
14-1072;373
13-0907;373
15-0312;373
17-0455;373
13-0454;373
08-0853;373
13-0896;373
17-0650;373
15-0323;373
08-0848;374
17-0451;375
10-0649;375
12-1000;375
08-0294;375
12-0191;375
08-0287;375
12-0186;375
17-0649;375
15-0515;375
20-0503;375
10-0111;375
14-1076;375
12-0188;375
16-0253;375
15-0518;375
10-0837;376
12-0976;377
16-0812;377
20-0502;377
16-1095;377
13-0899;377
16-0819;377
13-0958;377
08-0653;377
18-0197;377
15-0519;377
17-0598;377
17-0122;377
07-0113;377
16-0440;377
16-0247;377
05-0180;378
10-0106;379
20-1107;379
20-0667;379
04-0403;379
16-0765;379
15-0429;379
10-0838;379
99-0340;379
08-0856;379
89-0403;379
13-0879;379
07-0026;379
08-0651;380
15-0507;381
13-0966;381
16-0263;381
13-0900;381
09-0026;381
14-1073;381
15-0506;381
16-0455;381
16-0444;381
03-0113;382
10-0974;383
16-0939;384
10-0839;384
15-0325;384
15-0524;384
10-0841;384
00-0050;384
16-0817;384
14-1078;384
20-1923;384
17-0438;384
15-0788;384
13-0895;384
15-0783;384
16-0815;384
10-0054;384
15-0309;384
15-0784;384
13-0902;384
08-0290;385
08-0296;386
10-0921;386
12-0166;386
08-0297;386
09-0034;386
14-1079;386
13-0965;386
15-0526;386
16-0821;386
14-1172;386
10-0061;386
20-0596;386
12-0470;386
12-0170;386
08-0837;386
08-0839;387
99-0045;388
20-0594;388
10-0972;388
09-0033;388
17-0458;388
20-0597;388
10-0303;388
08-0182;388
15-0326;388
12-0168;388
14-1171;388
05-0380;388
02-0079;388
10-0642;388
10-0113;388
10-0107;388
10-0920;388
15-0521;388
03-0006;389
07-0196;390
08-0518;390
16-0256;390
16-0248;390
16-0451;390
99-0056;390
15-0523;390
16-0258;390
20-0049;390
16-0443;390
98-0078;390
20-0046;390
18-0203;390
05-0156;390
08-0506;391
12-0218;392
16-0442;392
16-0166;392
20-0670;392
14-1163;392
89-0632;392
10-0628;392
20-0496;392
12-0599;392
08-0659;392
08-0184;392
10-0056;392
12-0595;392
13-0904;392
20-0047;392
93-0698;392
03-0120;392
08-0171;393
16-2094;394
15-0522;394
16-0944;394
10-0302;394
15-0502;394
16-0252;394
17-0652;394
12-0165;394
08-0664;394
91-0521;395
93-0081;396
08-0505;397
05-0193;397
07-0214;397
08-0293;397
10-0307;397
09-0042;397
10-0065;397
08-0640;397
13-0893;397
02-0141;397
16-0250;397
02-0034;397
10-0830;397
90-0767;398
11-0172;399
16-0946;399
90-0781;399
10-0245;399
02-0096;399
04-0414;399
08-0639;399
03-0370;399
07-0003;399
12-0513;399
12-0185;399
12-0789;399
07-0020;399
05-0118;399
07-0046;399
08-0154;399
07-0213;399
15-0491;399
08-0657;399
89-0467;400
98-0072;401
90-0462;402
89-0386;403
08-0285;404
14-1164;404
02-0030;404
13-0457;404
01-0033;404
14-1067;404
16-0260;404
12-0969;404
97-0402;404
12-0608;404
10-0109;404
08-0285;404
88-0472;405
03-0361;406
08-0509;406
99-0449;406
10-0834;406
04-0424;406
88-0248;406
12-1186;406
10-0051;406
08-0891;406
10-0835;406
12-0605;406
12-0230;406
02-0066;406
91-0830;406
93-0138;406
12-0345;406
90-0763;406
02-0101;406
08-0722;406
95-0692;406
12-0790;406
99-0273;406
11-0537;407
12-0682;408
10-0641;408
08-0652;408
08-0655;408
15-0508;408
12-0614;408
08-0828;408
88-0292;408
08-0810;408
10-0057;408
10-0052;408
15-0334;408
10-0050;408
10-0836;408
14-1071;408
08-0489;409
10-0510;410
94-0610;410
88-0295;410
15-0850;410
08-0815;410
08-0150;410
99-0381;410
08-0860;410
99-0050;410
89-0341;410
07-0043;410
07-0016;410
06-0162;410
95-0186;410
13-0913;410
15-0505;410
03-0225;410
00-0507;410
#N/A;411
08-0851;412
08-0298;412
08-0829;412
08-0661;412
15-0525;412
90-0665;412
14-1077;412
10-0112;412
16-0447;412
10-0840;412
99-0448;412
08-0857;412
17-0457;412
08-0299;412
08-0641;413
95-0354;414
17-0653;414
05-0385;414
99-0054;414
13-0912;414
08-0854;414
93-0213;414
13-0960;414
10-0645;414
17-0190;414
12-0197;414
07-0050;414
08-0281;414
12-1079;414
05-0448;414
13-0676;414
12-0196;414
96-0097;414
16-1077;414
89-0293;415
88-0221;416
08-0866;417
16-1080;418
14-1009;418
14-0048;418
16-1081;418
16-0826;418
17-0462;418
16-0839;418
08-0111;418
10-0817;418
14-1186;418
11-0263;418
04-0224;418
08-0771;419
11-0261;420
20-0051;420
16-1082;420
10-0122;420
10-0512;420
10-0622;420
12-1185;420
08-0668;420
10-0127;420
16-0955;420
08-0666;420
08-0798;421
11-0262;422
10-0971;422
20-0620;422
08-0886;422
16-1079;422
15-0509;422
16-0835;422
08-0482;423
08-0667;424
12-0426;424
17-0460;424
14-0047;424
11-0541;424
11-0265;424
12-0425;425
16-0831;426
16-0800;426
10-0513;426
99-0132;427
08-0110;428
13-0967;429
08-0670;429
10-0623;429
08-0801;429
15-0310;429
08-0109;429
10-0516;429
15-0308;429
17-0186;429
20-1896;429
08-0486;429
14-1179;429
10-0247;430
16-0830;431
17-0185;431
10-0515;431
11-0174;431
15-0430;431
10-0129;431
17-0184;431
12-0171;431
16-0843;431
18-0178;431
08-0669;431
10-0118;431
14-0049;431
11-0266;432
10-0625;433
14-1010;433
13-0047;433
14-1181;433
16-0952;433
12-0429;434
17-0465;435
12-0430;435
11-0542;435
16-0845;435
16-1083;435
10-0823;435
16-0841;435
17-0466;435
08-0802;435
10-0124;436
20-0053;437
08-0799;437
08-0483;437
94-0402;438
10-0626;439
13-0048;440
10-0120;440
10-0517;440
12-0193;440
02-0109;440
17-0189;440
12-0432;440
20-0602;440
14-1012;440
16-0832;440
11-0269;440
14-1011;440
10-0518;441
08-0488;442
08-0809;442
16-0803;442
99-0377;442
87-0173;442
16-0957;442
20-0054;442
17-0467;442
15-0517;442
16-0949;442
17-0470;442
16-0829;442
16-1084;442
16-1085;442
88-0097;443
15-1008;444
08-0315;444
17-0182;444
15-1006;444
13-0673;444
15-0512;444
15-0311;444
08-0818;445
17-0459;446
16-0947;446
16-0842;446
11-0275;446
08-0673;446
10-0130;446
11-0179;446
08-0490;447
11-0268;448
08-0811;448
10-0820;448
87-0089;449
08-0812;450
13-0675;451
16-1092;451
10-0128;451
12-1183;451
11-0185;451
16-1091;451
08-0320;451
02-0111;451
10-0121;451
10-0123;451
00-0058;452
16-0838;453
08-0865;453
08-0318;453
12-1182;453
13-0455;453
15-1009;453
17-0461;453
09-0044;453
16-0956;453
14-1008;453
10-0828;453
16-0836;453
08-0864;453
#N/A;454
12-0434;455
11-0278;455
15-0513;455
14-1043;455
14-1178;455
17-0468;455
88-0478;456
16-1090;457
16-0837;457
16-1087;457
12-0297;457
11-0259;457
16-0828;457
16-0951;457
15-1007;457
14-0046;457
16-0840;457
08-0317;458
16-1093;459
10-0827;459
02-0132;460
12-0334;461
04-0371;462
88-0497;462
14-1180;462
10-0819;462
90-0782;462
17-0601;462
08-0715;462
12-0298;462
91-0495;462
14-0044;462
09-0036;462
#N/A;463
16-0833;464
20-0052;464
08-0887;464
04-0413;464
20-0605;464
20-0604;464
11-0178;465
20-0226;466
08-0492;466
08-0481;466
12-0174;466
20-0228;466
17-0187;466
20-0231;466
13-0460;466
11-0182;466
96-0399;466
07-0100;466
89-0810;467
03-0075;468
10-0821;469
20-0601;469
12-0488;469
17-0602;469
12-0300;469
14-0050;469
09-0037;469
10-0822;470
20-0621;471
12-0179;471
12-0612;471
00-0107;471
08-0197;471
15-0431;471
15-0510;471
16-0844;471
20-0575;471
99-0364;471
#N/A;472
08-0105;473
12-0427;473
10-0117;473
20-0227;473
17-0463;473
15-0164;473
03-0215;473
08-0816;473
16-0827;473
20-0235;473
00-0052;473
91-0523;473
08-0312;474
11-0277;475
10-0629;476
90-0108;476
20-0600;476
20-0624;476
89-0100;476
10-0826;476
07-0049;476
06-0004;476
02-0067;477
11-0272;478
20-0574;478
20-0622;478
16-1086;478
06-0169;478
99-0326;478
17-0603;478
14-1044;478
16-0799;478
11-0176;479
14-0043;480
11-0499;480
15-0432;480
20-0234;480
12-0194;480
04-0391;480
12-0433;480
20-0233;480
08-0817;480
05-0157;480
93-0747;481
89-0433;482
13-0970;483
07-0103;483
13-0049;483
12-0169;483
99-0358;483
16-0834;483
10-0126;483
05-0133;483
15-0514;484
12-0338;485
07-0204;485
20-0623;485
17-0604;485
00-0741;485
12-0337;485
00-0517;485
06-0164;485
05-0275;485
11-0173;486
07-0206;487
08-0491;487
15-1010;487
08-0493;487
11-0248;487
20-0232;487
11-0540;487
10-0630;487
20-0230;487
20-0236;487
10-0521;487
20-1630;488
20-1647;488
#N/A;489
94-0690;490
91-0655;491
#N/A;492
02-0231;493
95-0289;494
00-0284;495
88-0112;496
00-0718;497
05-0104;498
91-0124;499
00-0720;500
88-0504;501
90-0773;502
08-0201;503
20-0214;503
00-0698;503
90-0388;503
08-0212;503
05-0142;503
07-0024;503
06-0171;503
12-0606;503
99-0435;503
12-0792;503
99-0337;503
12-0491;503
10-0167;503
08-0205;503
14-1005;503
05-0472;503
90-0156;503
00-0716;504
00-0685;504
16-0764;504
89-0179;504
97-0410;504
05-0117;504
13-0461;504
89-0383;504
12-0793;505
97-0397;505
10-0170;505
02-0252;505
14-1004;505
97-0407;505
05-0115;505
00-0687;505
00-0725;505
13-0648;505
03-0334;505
12-0482;505
93-0558;505
91-0334;505
93-0787;505
10-0586;505
07-0031;505
08-0198;506
94-0555;506
20-0215;506
10-0171;506
99-0439;506
04-0356;506
89-0103;506
13-0431;506
98-0147;506
95-0590;507
99-0269;507
99-0374;507
16-0763;507
88-0260;507
08-0789;507
15-0181;507
12-0489;507
00-0286;507
99-0433;507
98-0160;507
00-0719;507
00-0688;507
07-0028;507
12-0486;507
13-0429;507
88-0252;508
20-0200;508
88-0293;508
03-0169;508
04-0431;508
10-0164;508
20-0213;508
07-0025;508
08-0211;508
12-0485;509
99-0375;509
04-0425;509
13-0440;509
06-0003;509
05-0198;509
17-0109;509
10-0588;509
90-0434;509
15-0183;509
88-0057;509
99-0342;509
08-0209;509
98-0157;509
10-0169;509
00-0064;509
89-0365;509
91-0049;510
89-0312;510
08-0200;510
91-0825;510
98-0159;510
20-0199;510
01-0036;510
99-0343;510
95-0194;510
89-0511;510
89-0788;511
99-0267;512
07-0095;513
04-0419;513
13-0656;513
17-0448;513
12-0610;513
94-0524;513
15-0979;513
05-0128;513
97-0426;513
15-0255;513
95-0592;513
20-0015;513
15-1063;513
12-0496;513
14-1017;514
05-0443;514
04-0405;514
07-0202;514
16-0766;514
10-0584;514
00-0746;514
00-0561;514
15-0241;514
12-0495;514
07-0201;514
93-0920;514
08-0199;514
99-0270;514
07-0048;514
04-0433;515
88-0501;516
88-0480;517
04-0421;518
90-0774;519
87-0088;520
90-0387;521
90-0159;522
98-0161;523
97-0195;524
91-0815;525
99-0372;526
90-0422;527
88-0507;528
05-0257;529
12-0344;529
02-0203;529
00-0288;529
15-0260;529
94-0520;529
93-0913;529
93-0159;529
04-0399;529
06-0005;529
08-0479;529
07-0037;529
03-0336;530
92-0194;530
08-0155;530
04-0416;530
12-0508;530
91-0493;530
98-0138;530
92-0195;530
93-0161;530
05-0281;530
20-0218;530
10-0639;530
05-0251;530
07-0038;530
99-0431;530
97-0196;530
89-0294;531
00-0743;531
17-0446;531
91-0560;531
10-0582;531
20-0217;531
90-0411;531
04-0426;531
99-0312;531
15-0248;531
88-0208;531
07-0017;531
15-0991;531
94-0467;531
06-0170;531
94-0464;531
12-0791;532
06-0159;532
97-0398;532
15-0992;532
97-0406;532
13-0764;532
05-0271;532
05-0270;532
00-0703;532
05-0379;532
92-0190;532
01-0037;532
98-0154;532
15-0982;532
95-0696;532
05-0110;533
12-0615;533
00-0736;533
10-0509;533
93-0918;533
99-0369;533
12-0507;533
99-0371;533
09-0040;533
04-0412;533
02-0251;533
97-0197;533
93-0269;533
15-0262;534
97-0203;534
04-0404;534
88-0404;534
17-0118;534
12-0494;534
02-0201;534
10-0114;534
90-0420;534
99-0278;534
12-0498;534
98-0143;534
07-0040;534
05-0140;534
07-0036;534
00-0748;535
91-0823;535
12-0502;535
90-0607;535
10-0587;535
90-0456;535
20-0198;535
20-0197;535
94-0468;535
07-0019;535
07-0023;535
94-0569;535
02-0250;535
17-0217;535
15-0240;535
15-0254;536
12-0609;536
15-0246;536
13-0433;536
05-0444;536
15-0978;536
13-0430;536
92-0196;536
20-0360;536
08-0204;536
06-0007;536
15-0984;536
06-0166;536
90-0024;536
08-0765;536
16-0767;536
00-0686;537
10-0585;537
04-0411;537
08-0208;537
95-0195;537
08-0473;537
95-1175;537
04-0406;537
03-0368;537
91-0822;537
02-0204;537
05-0278;537
90-0473;537
16-0769;537
90-0392;537
20-0220;537
13-0657;538
05-0126;538
00-0691;538
95-0292;538
03-0362;538
99-0441;538
97-0200;538
99-0276;538
07-0044;538
15-0264;538
97-0423;538
97-0419;538
02-0254;538
17-0117;538
20-0361;539
20-0362;539
15-0250;539
15-0273;539
04-0434;539
91-0818;539
01-0035;539
15-0251;539
05-0439;539
12-0598;539
15-0238;539
01-0034;539
12-0505;539
07-0098;539
05-0381;539
07-0105;539
04-0401;540
06-0158;540
00-0103;540
15-0247;540
95-1176;540
07-0102;540
97-0409;540
17-0216;540
99-0501;540
07-0030;540
05-0382;540
07-0203;540
04-0420;540
10-0583;540
14-1015;541
90-0169;541
00-0291;541
91-0587;541
03-0365;541
07-0045;541
12-0611;541
15-0263;541
00-0702;541
16-0770;541
05-0263;541
05-0113;541
12-0510;541
87-0011;541
08-0476;541
94-0683;542
97-0198;542
04-0408;542
03-0366;542
05-0152;542
03-0335;542
08-0474;542
04-0407;542
89-0416;542
99-0504;542
12-0347;542
12-0503;542
12-0349;542
00-0733;542
05-0107;542
88-0113;543
14-0893;544
96-0100;545
16-1964;546
89-0796;547
90-0263;548
89-0792;548
20-0216;548
93-0162;548
04-0392;548
07-0022;548
87-0210;548
15-0182;548
03-0333;548
89-0096;549
91-0562;549
81-0132;549
13-0646;549
94-0470;549
93-0166;549
94-0471;549
90-0064;549
13-0647;549
88-0032;549
90-0248;549
89-0618;550
17-0447;550
15-0252;550
15-0239;550
91-0618;550
15-0245;550
90-0404;550
15-0981;550
15-0985;550
15-0990;550
15-0983;550
15-0256;550
14-1006;550
15-0249;550
93-0914;550
15-0244;550
96-0101;550
90-0170;550
13-0671;550
15-0242;550
12-0499;550
02-0202;551
87-0120;551
12-0596;551
10-0511;551
93-0924;551
03-0364;551
12-0506;551
91-0829;551
88-0502;552
87-0282;552
16-1968;553
#N/A;554
15-0630;555
#N/A;556
07-0097;557
04-0423;558
20-1662;559
88-0219;560
88-0059;561
87-0097;562
88-0307;563
#N/A;564
02-0163;565
02-0272;566
16-1970;567
20-1051;568
20-0147;569
12-0556;570
07-0041;571
#N/A;572
97-0430;573
12-0779;574
#N/A;575
20-1413;576
06-0053;577
05-0463;578
20-0106;579
#N/A;580
15-0608;581
16-1474;582
13-0848;583
00-0508;584
#N/A;585
02-0139;586
05-0158;586
03-0171;587
02-0024;588
93-0210;589
12-0966;590
02-0099;591
89-0291;592
02-0146;593
03-0222;594
#N/A;595
#N/A;596
90-0793;597
02-0271;598
91-0457;598
#N/A;599
90-0016;600
08-0900;601
87-0101;601
95-0795;602
#N/A;603
02-0049;604
00-0476;605
96-0406;606
12-1050;607
16-0762;607
12-1058;608
16-0805;609
04-0544;609
16-0536;610
07-0141;610
93-0921;611
88-0477;612
94-0568;613
89-0803;614
16-0945;615
08-0326;616
08-0314;617
08-0863;618
20-0504;619
20-0495;620
20-0195;621
16-0950;622
10-0119;623
10-0818;624
08-0313;625
08-0663;626
17-0679;627
03-0069;627
20-0196;627
20-0608;627
17-0674;627
20-0609;627
08-0858;627
17-0678;627
20-0610;627
17-0195;627
17-0660;627
17-0661;628
08-0674;628
20-0613;628
12-1067;628
17-0658;628
16-0953;628
20-0612;628
11-0181;628
20-0611;628
20-0207;628
20-0615;629
16-0954;629
17-0667;629
20-0614;629
00-0708;629
17-0672;629
17-0665;629
10-0825;629
20-0616;629
08-0796;629
20-0505;629
17-0684;630
20-0619;630
20-0618;630
20-0488;630
17-0677;630
20-0617;630
12-0177;630
17-0680;630
98-0136;630
17-0682;630
16-0948;630
09-0028;631
#N/A;632
15-0634;633
20-0363;634
91-0532;635
90-0501;636
89-0489;637
15-0989;638
89-0559;639
94-0685;640
15-0382;641
88-0498;641
93-0169;642
17-0788;643
07-0132;644
03-0186;645
06-0011;646
05-0121;647
13-0442;648
00-0475;649
#N/A;650
10-0426;651
02-0234;652
07-0137;653
91-0773;654
04-0243;655
03-0383;656
98-0088;657
93-0922;658
08-0841;659
08-0901;660
98-0087;661
07-0120;662
16-1487;662
03-0079;662
93-0170;662
16-0457;662
20-0653;662
90-0766;662
13-0147;662
12-1191;662
10-0601;662
90-0784;662
10-0424;662
05-0222;662
15-0365;662
08-0675;662
14-1047;662
08-0893;662
10-0795;662
14-0111;662
20-0836;663
04-0448;663
10-0147;663
10-0797;663
13-0665;663
03-0354;663
00-0093;663
10-0927;663
99-0380;663
87-0109;663
99-0438;663
99-0315;663
05-0235;663
20-0837;663
14-0118;663
08-0894;663
15-0367;663
12-1054;664
08-0826;664
00-0729;664
98-0158;664
10-0633;664
20-0841;664
16-0456;664
99-0316;664
10-0422;664
13-0150;664
03-0076;664
20-0658;664
02-0053;664
20-0657;664
05-0264;664
89-0310;664
20-0838;665
98-0150;665
20-0842;665
96-0577;665
13-0659;665
99-0061;665
14-0128;665
10-0602;665
95-0798;665
20-0846;665
05-0389;665
18-0195;665
13-0083;665
90-0778;665
04-0438;665
10-0425;665
16-0459;665
08-0843;666
05-0386;666
10-0926;666
89-0805;666
13-0972;666
05-0217;666
10-0326;667
06-0019;667
08-0679;667
89-0420;667
16-0300;667
14-0108;667
10-0932;667
07-0119;668
05-0243;668
18-0193;668
18-0191;668
14-0214;668
10-0423;668
10-0804;668
10-0333;669
13-0151;669
10-0600;669
06-0015;669
10-0378;669
#N/A;670
05-0429;671
05-0234;672
98-0083;673
05-0390;674
18-0183;674
03-0185;674
93-0927;674
10-0145;674
00-0494;674
15-0366;674
16-0243;674
15-0184;674
10-0144;674
16-1488;675
18-0188;675
10-0146;675
05-0246;675
05-0395;675
10-0250;675
03-0256;675
14-0017;675
08-0163;675
13-0152;675
04-0237;676
15-0370;676
04-0554;676
05-0428;676
13-0658;676
05-0236;676
08-0500;676
04-0437;676
16-0245;676
20-0840;676
05-0213;677
08-0682;677
16-0246;677
18-0194;677
10-0150;677
03-0342;677
10-0151;677
20-0668;677
20-0718;677
03-0339;678
03-0251;679
04-0239;680
#N/A;681
08-0834;682
08-0892;682
06-0016;683
10-0809;684
#N/A;685
12-0302;686
#N/A;687
03-0385;688
#N/A;689
08-0830;690
00-0690;690
97-0413;691
10-0254;692
#N/A;693
10-0810;694
10-0256;695
04-0242;696
#N/A;697
10-0523;698
90-0127;698
07-0121;698
03-0188;698
16-0229;699
15-0987;699
16-2087;699
15-0433;699
16-0461;699
20-0948;699
18-0185;699
16-0228;699
16-0968;700
16-2082;700
20-0012;700
10-0524;700
16-0660;700
14-0203;700
16-1446;700
10-0324;700
14-1045;700
05-0216;700
15-0435;700
#N/A;701
10-0800;702
99-0319;702
15-0444;702
10-0937;702
06-0018;702
10-0527;702
15-0374;703
08-0835;703
18-0182;703
07-0130;703
10-0596;703
15-0436;703
13-0148;703
10-0251;703
06-0010;703
16-0299;703
10-0526;703
13-0149;703
20-0014;704
16-2088;704
20-0715;704
07-0118;704
16-2089;704
20-0013;704
10-0798;704
10-0801;704
10-0257;704
16-0298;704
18-0189;704
08-0497;704
20-0655;704
#N/A;705
18-0184;706
95-0083;706
20-0949;706
20-0660;707
20-0659;707
16-2083;707
13-0136;707
20-0676;707
15-0375;707
15-0738;707
14-1048;707
16-2084;707
10-0149;708
20-0041;708
20-0206;708
10-0329;708
13-0831;708
08-0683;708
08-0895;708
10-0803;708
20-0042;708
#N/A;709
14-0110;710
20-0845;710
14-0130;710
16-0535;710
98-0084;710
08-0833;711
13-0138;711
20-0950;711
20-0716;711
12-0304;711
10-0913;711
15-0372;711
20-0677;711
14-0117;711
08-0898;711
07-0212;711
20-0203;711
10-0162;712
15-0376;712
08-0680;712
20-0043;712
16-2086;712
06-0020;712
16-2085;712
20-0713;712
14-0216;712
08-0831;712
03-0081;712
03-0341;712
#N/A;713
08-0844;714
14-0114;715
10-0316;715
14-0231;715
10-0313;715
20-0835;715
10-0930;715
10-0929;715
16-0230;715
13-0132;715
06-0009;715
08-0498;715
15-0741;715
20-0204;715
90-0340;716
14-0113;717
05-0226;717
18-0187;717
15-0368;717
10-0805;717
14-0232;717
20-0947;717
04-0436;717
17-0574;717
16-0458;717
98-0086;718
08-0825;719
10-0908;719
04-0232;719
15-0445;719
20-0844;719
15-0439;719
10-0529;719
20-0656;719
02-0073;719
10-0530;719
14-0116;719
10-0910;719
03-0077;720
18-0196;721
13-0139;721
15-0988;721
20-0662;721
10-0332;721
08-0842;721
99-0440;721
14-0233;721
10-0808;721
10-0880;721
15-0442;721
05-0393;722
02-0056;723
04-0447;723
10-0035;723
05-0244;723
15-0443;723
15-0434;723
16-0157;723
08-0838;724
05-0221;725
16-0156;725
90-0788;725
07-0124;725
99-0311;725
87-0094;725
15-0438;725
06-0012;726
97-0207;727
16-0321;727
07-0122;727
13-0976;727
10-0252;727
10-0148;727
90-0771;727
14-0109;727
13-0398;727
08-0899;728
02-0117;729
99-0064;729
08-0475;729
94-0687;729
07-0027;729
05-0227;729
94-0686;729
93-0219;730
13-0977;731
14-0215;731
03-0254;731
13-0133;731
04-0551;731
00-0697;732
10-0158;733
10-0933;733
08-0676;733
04-0449;733
14-0207;733
10-0799;733
99-0500;734
13-0082;735
07-0209;735
02-0052;735
91-0350;735
97-0418;735
06-0014;736
10-0038;737
89-0400;737
20-0663;737
89-0811;737
10-0249;738
10-0533;739
08-0168;739
05-0274;739
15-0986;739
16-1440;739
13-0075;739
20-0652;739
10-0928;739
12-0301;739
08-0896;740
20-0843;741
13-0079;741
13-0584;741
16-0493;741
15-0437;741
05-0441;741
97-0416;742
14-0115;743
10-0253;743
16-0460;743
11-0692;743
03-0353;743
08-0678;743
16-0486;743
00-0693;744
00-0488;745
07-0138;745
10-0911;745
08-0681;745
16-0324;745
15-0391;745
15-0528;745
00-0724;745
10-0931;746
18-0186;747
13-0974;748
10-0934;749
10-0905;750
12-0303;751
10-0807;752
15-0441;753
00-0088;754
97-0055;755
14-0121;755
10-0157;755
05-0392;755
90-0764;755
06-0008;755
98-0076;755
14-0107;755
05-0223;755
88-0486;755
13-0444;755
05-0219;755
06-0168;755
08-0824;756
95-0507;757
00-0707;757
04-0543;757
99-0339;757
97-0202;757
97-0208;757
91-0817;757
99-0379;757
20-0945;757
15-0762;757
08-0166;757
06-0017;758
10-0909;759
90-0783;759
20-0898;759
97-0218;759
06-0013;759
10-0255;759
91-0353;759
20-0904;759
00-0489;759
93-0032;759
08-0840;759
12-0438;759
92-0130;759
03-0384;760
00-0493;761
90-0088;761
05-0215;761
15-0400;761
91-0707;761
00-0290;761
16-0322;761
02-0107;761
10-0815;761
05-0144;761
89-0297;762
89-0809;763
00-0490;764
99-0060;764
92-0017;765
04-0240;766
95-0074;767
03-0343;768
#N/A;769
99-0323;770
03-0253;771
10-0936;772
16-0301;773
16-1965;774
16-1961;775
#N/A;776
90-0378;777
95-0797;778
05-0396;779
99-0307;779
02-0051;779
13-0660;779
05-0239;779
12-0801;779
15-0392;779
90-0220;779
04-0454;779
99-0306;779
91-0667;779
15-0394;779
14-0119;779
99-0310;779
03-0121;779
91-0131;779
04-0245;779
95-1178;779
89-0506;779
91-0816;779
05-0224;779
90-0777;779
95-0200;779
15-0385;779
05-0214;779
98-0073;779
88-0093;779
90-0037;779
90-0762;779
00-0293;779
02-0036;779
10-0034;779
14-0120;779
91-0409;779
99-0378;779
99-0446;779
00-0480;779
91-0352;779
91-0533;779
87-0102;780
99-0317;781
00-0753;782
88-0075;782
12-1055;782
04-0246;782
12-1189;782
07-0216;782
05-0400;782
15-0388;782
15-0740;782
90-0680;782
07-0205;782
87-0105;782
14-0122;782
94-0688;782
03-0252;782
14-1032;782
20-0016;782
07-0129;782
10-0047;782
88-0399;782
14-0123;782
15-0395;782
13-0663;782
08-0165;782
12-0994;782
90-0433;782
08-0159;782
88-0505;782
04-0550;782
97-0428;782
10-0048;782
90-0760;782
91-0834;782
04-0248;782
99-0383;782
91-0831;782
94-0652;782
00-0099;782
10-0031;782
93-0701;782
10-0159;782
#N/A;783
05-0225;784
99-0309;785
99-0502;785
02-0035;785
92-0199;785
91-0151;785
99-0314;785
05-0228;785
10-0163;785
04-0442;785
93-0867;785
94-0036;785
10-0152;785
05-0241;785
07-0207;785
12-1190;785
97-0415;785
15-0377;785
92-0193;785
04-0541;785
95-0524;785
15-0387;785
02-0038;785
94-0009;785
98-0152;785
95-0085;785
05-0231;785
97-0412;785
08-0161;785
90-0039;785
91-0500;785
10-0045;785
97-0422;785
05-0230;785
97-0417;785
99-0436;785
15-0399;785
89-0798;785
00-0498;785
04-0443;785
04-0453;785
#N/A;786
00-0097;787
91-0588;788
15-0386;788
88-0378;788
97-0400;788
10-0046;788
00-0094;788
08-0164;788
89-0482;788
99-0447;788
05-0397;788
07-0142;788
90-0769;788
00-0752;788
90-0131;788
04-0247;788
95-0504;788
12-1053;788
14-0015;788
97-0215;788
98-0162;788
12-0802;788
04-0451;788
10-0153;788
93-0382;788
00-0751;788
99-0318;788
97-0427;788
12-1057;788
07-0211;788
05-0398;788
15-0402;788
10-0044;788
99-0320;788
00-0092;788
10-0161;788
15-0742;788
00-0096;788
15-0378;788
15-0403;788
15-0396;788
90-0291;788
00-0101;789
89-0814;790
94-0039;790
10-0032;790
04-0444;790
91-0827;790
10-0026;790
20-0717;790
93-0174;790
13-0661;790
15-0393;790
12-0993;790
02-0070;790
05-0237;790
10-0155;790
03-0495;790
12-1049;790
89-0421;791
08-0677;792
10-0160;792
04-0446;792
02-0071;792
10-0040;792
14-0124;792
07-0131;792
91-0347;792
99-0321;792
10-0042;792
15-0381;792
15-0390;792
91-0821;792
#N/A;793
15-0739;794
12-1084;794
15-0383;794
90-0316;794
14-0126;794
10-0039;794
89-0106;794
15-0401;794
15-0397;794
98-0155;794
12-1082;794
14-0125;794
98-0151;794
07-0135;794
14-0127;794
12-0995;794
10-0041;794
96-0578;795
00-0712;796
04-0452;796
99-0352;796
90-0314;796
14-0129;796
15-0398;796
90-0097;796
07-0210;796
05-0245;796
10-0043;796
20-0019;796
10-0915;796
95-0598;796
07-0215;796
00-0712;796
93-0915;797
90-0648;798
20-1670;799
20-1591;799
20-1646;799
03-0438;800
05-0249;801
15-0635;802
15-0215;803
03-0492;804
00-0485;805
14-0443;806
16-1963;807
14-0897;808
04-0129;809
#N/A;810
14-0844;811
05-0165;812
20-0138;813
#N/A;814
14-0899;815
#N/A;816
96-0459;817
02-0158;818
06-0054;818
14-0900;819
14-0902;820
02-0121;821
14-1038;822
14-0901;823
03-0549;824
14-0021;825
03-0174;826
04-0372;827
20-1019;828
13-0777;829
20-0095;830
14-0019;831
15-0636;832
14-0018;833
#N/A;834
#N/A;835
14-0444;836
11-0177;837
89-0405;838
03-0112;839
20-0104;840
20-0137;841
13-0837;842
20-0139;843
17-0765;844
14-0022;845
96-0458;846
16-1971;847
06-0167;848
#N/A;849
14-0898;850
15-0633;851
20-1018;852
14-0020;853
16-1967;854
05-0350;855
20-1022;856
15-0563;857
91-0559;858
20-0127;859
92-0001;860
99-0071;861
07-0042;862
08-0827;863
20-1418;864
#N/A;865
03-0313;866
90-0785;867
#N/A;868
16-1969;869
#N/A;870
#N/A;871
91-0296;872
87-0046;873
04-0180;874
#N/A;875
97-0411;876
04-0236;877
02-0048;878
#N/A;879
04-0233;880
94-0140;881
90-0461;882
97-0424;883
02-0040;884
00-0548;885
90-0775;886
14-0894;887
16-1490;888
17-0219;889
17-0721;890
05-0109;891
#N/A;892
